title,image,link
Title1text,images/image1.jpg,https://kelroybrown.com/
Title2 text,images/image2.jpg,https://kelroybrown.com/
Title3 text,images/image3.jpg,https://kelroybrown.com/
Title4 text,images/image4.jpg,https://kelroybrown.com/
Title5 text,images/image5.jpg,https://kelroybrown.com/
Title6 text,images/image6.jpg,https://kelroybrown.com/
Title7 text,images/image7.jpg,https://kelroybrown.com/
Title8 text,images/image8.jpg,https://kelroybrown.com/
Title9 text,images/image9.jpg,https://kelroybrown.com/
Title10 text,images/image10.jpg,https://kelroybrown.com/
